<application>
  <component name="CodeInsightSettings">
    <EXCLUDED_PACKAGE NAME="*.shaded.*" />
    <EXCLUDED_PACKAGE NAME="cc.concurrent.mango.util.concurrent.*" />
    <EXCLUDED_PACKAGE NAME="org.apache.commons.collections.*" />
    <EXCLUDED_PACKAGE NAME="org.apache.commons.lang.*" />
    <EXCLUDED_PACKAGE NAME="org.jetbrains.annotations.*" />
  </component>
  <component name="EditorSettings">
    <option name="SHOW_QUICK_DOC_ON_MOUSE_OVER_ELEMENT" value="false" />
    <option name="ENABLE_RENDERED_DOC" value="true" />
  </component>
  <component name="InlayHintsSettings">
    <option name="lastViewedProviderKeyId" value="parameter.hints.old" />
  </component>
</application>