<application>
  <component name="GeneralSettings">
    <option name="showTipsOnStartup" value="true" />
    <option name="confirmExit" value="false" />
  </component>
  <component name="Registry">
    <entry key="ide.balloon.shadow.size" value="15" />
    <entry key="ide.experimental.ui" value="true" />
    <entry key="debugger.new.tool.window.layout" value="true" />
  </component>
  <component name="StatusBar">
    <option name="widgets">
      <map>
        <entry key="Memory" value="true" />
        <entry key="com.tabnine.statusBar.TabnineStatusBarWidget" value="false" />
      </map>
    </option>
  </component>
</application>