<application>
  <component name="ToStringTemplates" defaultTemplateName="StringJoiner (JDK 1.8)">
    <option name="templates">
      <list>
        <TemplateResource>
          <option name="fileName" value="toString" />
          <option name="template" value="public java.lang.String toString() {&#10;    return org.apache.commons.lang3.builder.ToStringBuilder.reflectionToString(this, org.apache.commons.lang3.builder.ToStringStyle.SHORT_PREFIX_STYLE);&#10;}" />
        </TemplateResource>
      </list>
    </option>
  </component>
</application>