<keymap version="1" name="macOS copy" parent="Mac OS X 10.5+">
  <action id="ActivateFavoritesToolWindow" />
  <action id="ActivateProjectToolWindow" />
  <action id="DuplicatesForm.SendToLeft" />
  <action id="DuplicatesForm.SendToRight" />
  <action id="FileChooser.GotoHome" />
  <action id="FileChooser.GotoProject" />
  <action id="NewClass">
    <keyboard-shortcut first-keystroke="meta 1" />
  </action>
  <action id="NewDir">
    <keyboard-shortcut first-keystroke="meta 2" />
  </action>
</keymap>